Title,genre
Athletics,Athletics
Athletics mania,Athletics
Super athlete,Athletics
Swimming,Swimming
Swim Out,Swimming
Flip Diving,Swimming
Badminton League,Badminton
Badminton 3D,Badminton
Badminton Blitz,Badminton
Sailboat Championship,Sailing
Sailing Champions,Sailing
Sailway,Sailing
Gymnastics Superstar,Gymnastics
Gymnastics Queen,Gymnastics
Super Gymnast,Gymnastics
Handball 21,Handball
Handball manager pro,Handball
Handball shooter training,Handball
Weight Lift Simulator 3,Weightlifting
Weightlifting Fairy,Weightlifting
Weightlifting Girls,Weightlifting
Wrestling revolution 3D,Wrestling
Wrestling Empire,Wrestling
WWE supercard,Wrestling
Water Polo Game,Water Polo
Water Polo League,Water Polo
Water Polo Championship,Water Polo
Ice Hockey 3D,Hockey
Hockey All Stars,Hockey
Hockey Nations 18,Hockey
Rowing 3D,Rowing
Rowing Crew,Rowing
Row Row,Rowing
Fencing Swordplay 3D,Fencing
FIE Swordplay,Fencing
Fencing Battle 3D,Fencing
Sniper 3D,Shooting
Gun Shot Fire War,Shooting
Shoot Hunter-Gun Killer,Shooting
Real Boxing 2 ROCKY,Boxing
Boxing Star,Boxing
Punch Boxing 3D,Boxing
Cycling 2019,Cycling
BMX Freestyle,Cycling
Bicycle Racing Super Rider 2019,Cycling
Flip Diving,Diving
Cliff Diving,Diving
Diving Games 3D,Diving
Kayaking Downriver Free,Canoeing
Canoe Paddling Adventure,Canoeing
Kayak World Tour 3D,Canoeing
Tennis Clash,Tennis
Virtua Tennis Challenge,Tennis
Ultimate Tennis,Tennis
WGT Golf Game by Topgolf,Golf
Golf Clash,Golf
Mini Golf King,Golf
Fastpitch Softball,Softball
Softball Crew,Softball
Softball Practice,Softball
Archery King,Archery
Archery Elite,Archery
Archery Tournament,Archery
Volleyball Championship 2023,Volleyball
Volleyball Challenge,Volleyball
Volleyball Championship 3D,Volleyball
MLB Tap Sports Baseball 2021,Baseball
Baseball superstars 2023,Baseball
9 Innings,Baseball
Rhythmic Gymnastic Dream Team,Rhythmic Gymnastic
Rhythmic Gymnastic star,Rhythmic Gymnastic
Gymnastic Superstars,Rhythmic Gymnastic
Real Polo Simulator,Polo
Horse Polo Championship,Polo
Polo Games,Polo
Rope Hero,Tug-of-war
Tug of War,Tug-of-war
Rope Racers,Tug-of-war
Speed Skating Challenge,Speed Skating
Speed Skating 3D,Speed Skating
Speed Skating 2019,Speed Skating
Cross Country Skiing,Cross Country Skiing
Ski Jumping Pro,Cross Country Skiing
Ski Jumping 2022,Cross Country Skiing
Biathlon Mania,Biathlon
Winter Sports Game,Biathlon
Biathlon Shooting,Biathlon
Luge Crush,Luge
Luge Race 3D,Luge
Luge Simulator,Luge
Taekwondo Game,Taekwondo
Taekwondo Tournament,Taekwondo
Taekwondo Kicking & Punching,Taekwondo
Bobsleigh- Ice Race,Bobsleigh
Bobsleigh Game,Bobsleigh
Bobsleigh Challenge,Bobsleigh
Horse Riding Tales,Equestrianism
Equestrianism World,Equestrianism
Horse Hotel,Equestrianism
Rugby Nations 18,Rugby Sevens
Rugby Nations 19,Rugby Sevens
Rugby Sevens Slam,Rugby Sevens
Flip Master,Trampolining
Trampolining Extreme,Trampolining
Trampolining Mania,Trampolining
Triathlon Race,Triathlon
Triathlon Championships,Triathlon
Triathlon Simulator,Triathlon
Ski Jumping Pro,Ski Jumping
Ski Jumping 2022,Ski Jumping
Ski Jumping 3D,Ski Jumping
Curling 3D,Curling
Curling Championship,Curling
Curling Game,Curling
Snowboarding Party,Snowboarding
Snowboarding Master,Snowboarding
Snowboarding Party:Aspan,Snowboarding
Lacrosse Arcade 2019,Lacrosse
Lacrosse Dodge,Lacrosse
Lacrosse Shooter 3D,Lacrosse
Racquets Attack,Racquets
Racquets Championship,Racquets
Racquets Pro,Racquets
Motorboating Racing,Motorboating
Motorboating Simulator,Motorboating
Motorboating Racing Simulator,Motorboating
X-Plane Flight Simulator,Aeronautics
Infinite Flight,Aeronautics
Ace Combat,Aeronautics
FIFA Mobile Soccer,Football
eFootball 2023,Football
Dream League Soccer 2023,Football
Superstar Judo,Judo
Judo in brief,Judo
NBA 2K22,Basketball
Basketball Stars,Basketball
NBA LIVE Mobile Basketball,Basketball
